donor_residue,donor_atom,hydrogen_atom,acceptor_residue,acceptor_atom,donor_acceptor_distance_A,hydrogen_acceptor_distance_A
A:ALA2,N,H,A:ALA9,O,2.779874,1.782732
A:ALA4,N,H,A:ALA7,O,2.833447,1.836338
A:ALA6,N,H,A:ALA5,O,2.888275,1.891625
A:ALA8,N,H,A:ALA3,O,2.940766,1.944285
A:ALA10,N,H,A:ALA1,O,2.995744,1.998840
A:ALA1,N,H,A:ALA10,O,3.084514,2.085425
A:ALA3,N,H,A:ALA8,O,2.957851,1.961058
A:ALA5,N,H,A:ALA6,O,2.905344,1.907302
A:ALA7,N,H,A:ALA4,O,2.850509,1.853547
A:ALA9,N,H,A:ALA2,O,2.798004,1.799792
